{"cameraMode":{"drawMode":0,"name":"Shaded","section":"Shading Mode"},"sceneLighting":false,"audioPlay":false,"sceneViewState":{"showFog":true,"showMaterialUpdate":false,"showSkybox":false,"showFlares":true,"showImageEffects":true,"showParticleSystems":true},"in2DMode":false,"pivot":{"x":-0.012353241443634034,"y":0.466819703578949,"z":-6.722031116485596},"rotation":{"x":0.034157752990722659,"y":0.03956378251314163,"z":0.0013526608236134053,"w":-0.9986509680747986},"size":2.652827739715576,"orthographic":false}