{"cameraMode":{"drawMode":0,"name":"Shaded","section":"Shading Mode"},"sceneLighting":false,"audioPlay":false,"sceneViewState":{"showFog":true,"showMaterialUpdate":false,"showSkybox":false,"showFlares":true,"showImageEffects":true,"showParticleSystems":true},"in2DMode":false,"pivot":{"x":-0.02085031569004059,"y":-0.12351071834564209,"z":-6.650390625},"rotation":{"x":-0.3026195764541626,"y":0.04629460349678993,"z":-0.014719229191541672,"w":-0.9518919587135315},"size":3.291069269180298,"orthographic":false}